IDTransaccion,FechaTransaccion,TipoTransaccion,Monto,IDCliente,Sucursal,CanalTransaccion
T00001,2022-01-03,Depósito,7370,C013,Centro,Online
T00002,2022-01-04,Retiro,960,C023,Norte,Presencial
T00003,2022-01-05,Pago,5490,C089,Sur,ATM
T00004,2022-01-06,Consulta,5291,C099,Este,Móvil
T00005,2022-01-07,Depósito,5834,C030,Oeste,Online
T00006,2022-01-10,Retiro,6365,C017,Centro,Presencial
T00007,2022-01-11,Pago,566,C062,Norte,ATM
T00008,2022-01-12,Consulta,4526,C084,Sur,Móvil
T00009,2022-01-13,Depósito,5678,C089,Este,Online
T00010,2022-01-14,Retiro,8422,C086,Oeste,Presencial
T00011,2022-01-17,Pago,1785,C013,Centro,ATM
T00012,2022-01-18,Consulta,869,C059,Norte,Móvil
T00013,2022-01-19,Depósito,7049,C019,Sur,Online
T00014,2022-01-20,Retiro,2533,C049,Este,Presencial
T00015,2022-01-21,Pago,5411,C012,Oeste,ATM
T00016,2022-01-24,Consulta,5151,C061,Centro,Móvil
T00017,2022-01-25,Depósito,6520,C019,Norte,Online
T00018,2022-01-26,Retiro,1284,C076,Sur,Presencial
T00019,2022-01-27,Pago,4655,C009,Este,ATM
T00020,2022-01-28,Consulta,3485,C071,Oeste,Móvil
T00021,2022-01-31,Depósito,6496,C028,Centro,Online
T00022,2022-02-01,Retiro,8766,C078,Norte,Presencial
T00023,2022-02-02,Pago,9374,C095,Sur,ATM
T00024,2022-02-03,Consulta,2658,C052,Este,Móvil
T00025,2022-02-04,Depósito,7949,C083,Oeste,Online
T00026,2022-02-07,Retiro,2147,C016,Centro,Presencial
T00027,2022-02-08,Pago,2847,C069,Norte,ATM
T00028,2022-02-09,Consulta,9267,C099,Sur,Móvil
T00029,2022-02-10,Depósito,289,C012,Este,Online
T00030,2022-02-11,Retiro,2834,C025,Oeste,Presencial
T00031,2022-02-14,Pago,3105,C052,Centro,ATM
T00032,2022-02-15,Consulta,4758,C085,Norte,Móvil
T00033,2022-02-16,Depósito,1999,C053,Sur,Online
T00034,2022-02-17,Retiro,7834,C023,Este,Presencial
T00035,2022-02-18,Pago,1367,C016,Oeste,ATM
T00036,2022-02-21,Consulta,1628,C057,Centro,Móvil
T00037,2022-02-22,Depósito,3656,C039,Norte,Online
T00038,2022-02-23,Retiro,3990,C053,Sur,Presencial
T00039,2022-02-24,Pago,8938,C042,Este,ATM
T00040,2022-02-25,Consulta,5493,C058,Oeste,Móvil
T00041,2022-02-28,Depósito,8892,C039,Centro,Online
T00042,2022-03-01,Retiro,8533,C014,Norte,Presencial
T00043,2022-03-02,Pago,7613,C095,Sur,ATM
T00044,2022-03-03,Consulta,2712,C005,Este,Móvil
T00045,2022-03-04,Depósito,7141,C035,Oeste,Online
T00046,2022-03-07,Retiro,9655,C087,Centro,Presencial
T00047,2022-03-08,Pago,6335,C093,Norte,ATM
T00048,2022-03-09,Consulta,5586,C075,Sur,Móvil
T00049,2022-03-10,Depósito,7199,C018,Este,Online
T00050,2022-03-11,Retiro,9770,C076,Oeste,Presencial
T00051,2022-03-14,Pago,875,C009,Centro,ATM
T00052,2022-03-15,Consulta,8326,C074,Norte,Móvil
T00053,2022-03-16,Depósito,3252,C058,Sur,Online
T00054,2022-03-17,Retiro,1685,C017,Este,Presencial
T00055,2022-03-18,Pago,4043,C007,Oeste,ATM
T00056,2022-03-21,Consulta,7655,C046,Centro,Móvil
T00057,2022-03-22,Depósito,3173,C013,Norte,Online
T00058,2022-03-23,Retiro,1121,C040,Sur,Presencial
T00059,2022-03-24,Pago,3943,C042,Este,ATM
T00060,2022-03-25,Consulta,8089,C009,Oeste,Móvil
T00061,2022-03-28,Depósito,9792,C050,Centro,Online
T00062,2022-03-29,Retiro,6973,C027,Norte,Presencial
T00063,2022-03-30,Pago,5775,C066,Sur,ATM
T00064,2022-03-31,Consulta,261,C005,Este,Móvil
T00065,2022-04-01,Depósito,4397,C029,Oeste,Online
T00066,2022-04-04,Retiro,1095,C037,Centro,Presencial
T00067,2022-04-05,Pago,7729,C038,Norte,ATM
T00068,2022-04-06,Consulta,9567,C083,Sur,Móvil
T00069,2022-04-07,Depósito,1116,C008,Este,Online
T00070,2022-04-08,Retiro,7969,C065,Oeste,Presencial
T00071,2022-04-11,Pago,6539,C086,Centro,ATM
T00072,2022-04-12,Consulta,7992,C017,Norte,Móvil
T00073,2022-04-13,Depósito,6963,C071,Sur,Online
T00074,2022-04-14,Retiro,8016,C089,Este,Presencial
T00075,2022-04-15,Pago,8629,C045,Oeste,ATM
T00076,2022-04-18,Consulta,978,C004,Centro,Móvil
T00077,2022-04-19,Depósito,9368,C036,Norte,Online
T00078,2022-04-20,Retiro,4987,C070,Sur,Presencial
T00079,2022-04-21,Pago,4959,C031,Este,ATM
T00080,2022-04-22,Consulta,6431,C019,Oeste,Móvil
T00081,2022-04-25,Depósito,8671,C061,Centro,Online
T00082,2022-04-26,Retiro,8784,C054,Norte,Presencial
T00083,2022-04-27,Pago,7308,C039,Sur,ATM
T00084,2022-04-28,Consulta,5376,C091,Este,Móvil
T00085,2022-04-29,Depósito,2162,C074,Oeste,Online
T00086,2022-05-02,Retiro,164,C090,Centro,Presencial
T00087,2022-05-03,Pago,8106,C019,Norte,ATM
T00088,2022-05-04,Consulta,2668,C039,Sur,Móvil
T00089,2022-05-05,Depósito,5563,C067,Este,Online
T00090,2022-05-06,Retiro,2127,C045,Oeste,Presencial
T00091,2022-05-09,Pago,2795,C013,Centro,ATM
T00092,2022-05-10,Consulta,9787,C092,Norte,Móvil
T00093,2022-05-11,Depósito,5358,C058,Sur,Online
T00094,2022-05-12,Retiro,5718,C020,Este,Presencial
T00095,2022-05-13,Pago,6836,C092,Oeste,ATM
T00096,2022-05-16,Consulta,491,C072,Centro,Móvil
T00097,2022-05-17,Depósito,5992,C061,Norte,Online
T00098,2022-05-18,Retiro,3661,C039,Sur,Presencial
T00099,2022-05-19,Pago,6284,C001,Este,ATM
T00100,2022-05-20,Consulta,3199,C003,Oeste,Móvil
T00101,2022-05-23,Depósito,6378,C077,Centro,Online
T00102,2022-05-24,Retiro,8492,C092,Norte,Presencial
T00103,2022-05-25,Pago,3204,C062,Sur,ATM
T00104,2022-05-26,Consulta,7315,C063,Este,Móvil
T00105,2022-05-27,Depósito,2554,C025,Oeste,Online
T00106,2022-05-30,Retiro,9096,C056,Centro,Presencial
T00107,2022-05-31,Pago,2831,C033,Norte,ATM
T00108,2022-06-01,Consulta,8254,C038,Sur,Móvil
T00109,2022-06-02,Depósito,9862,C006,Este,Online
T00110,2022-06-03,Retiro,5156,C058,Oeste,Presencial
T00111,2022-06-06,Pago,8210,C044,Centro,ATM
T00112,2022-06-07,Consulta,3940,C045,Norte,Móvil
T00113,2022-06-08,Depósito,1128,C032,Sur,Online
T00114,2022-06-09,Retiro,7485,C045,Este,Presencial
T00115,2022-06-10,Pago,602,C061,Oeste,ATM
T00116,2022-06-13,Consulta,7010,C047,Centro,Móvil
T00117,2022-06-14,Depósito,9162,C021,Norte,Online
T00118,2022-06-15,Retiro,7038,C080,Sur,Presencial
T00119,2022-06-16,Pago,4588,C085,Este,ATM
T00120,2022-06-17,Consulta,306,C075,Oeste,Móvil
T00121,2022-06-20,Depósito,5234,C036,Centro,Online
T00122,2022-06-21,Retiro,6077,C099,Norte,Presencial
T00123,2022-06-22,Pago,7821,C019,Sur,ATM
T00124,2022-06-23,Consulta,7135,C020,Este,Móvil
T00125,2022-06-24,Depósito,1584,C057,Oeste,Online
T00126,2022-06-27,Retiro,7958,C018,Centro,Presencial
T00127,2022-06-28,Pago,963,C047,Norte,ATM
T00128,2022-06-29,Consulta,2890,C049,Sur,Móvil
T00129,2022-06-30,Depósito,7508,C014,Este,Online
T00130,2022-07-01,Retiro,8855,C015,Oeste,Presencial
T00131,2022-07-04,Pago,5216,C031,Centro,ATM
T00132,2022-07-05,Consulta,6119,C001,Norte,Móvil
T00133,2022-07-06,Depósito,1857,C054,Sur,Online
T00134,2022-07-07,Retiro,7674,C003,Este,Presencial
T00135,2022-07-08,Pago,6474,C016,Oeste,ATM
T00136,2022-07-11,Consulta,6992,C087,Centro,Móvil
T00137,2022-07-12,Depósito,1778,C057,Norte,Online
T00138,2022-07-13,Retiro,3342,C075,Sur,Presencial
T00139,2022-07-14,Pago,4736,C012,Este,ATM
T00140,2022-07-15,Consulta,1159,C074,Oeste,Móvil
T00141,2022-07-18,Depósito,6768,C096,Centro,Online
T00142,2022-07-19,Retiro,3257,C016,Norte,Presencial
T00143,2022-07-20,Pago,6015,C072,Sur,ATM
T00144,2022-07-21,Consulta,9889,C076,Este,Móvil
T00145,2022-07-22,Depósito,2793,C024,Oeste,Online
T00146,2022-07-25,Retiro,3727,C028,Centro,Presencial
T00147,2022-07-26,Pago,9655,C008,Norte,ATM
T00148,2022-07-27,Consulta,5550,C092,Sur,Móvil
T00149,2022-07-28,Depósito,1763,C036,Este,Online
T00150,2022-07-29,Retiro,9821,C090,Oeste,Presencial
T00151,2022-08-01,Pago,5692,C008,Centro,ATM
T00152,2022-08-02,Consulta,7492,C058,Norte,Móvil
T00153,2022-08-03,Depósito,1406,C060,Sur,Online
T00154,2022-08-04,Retiro,6876,C050,Este,Presencial
T00155,2022-08-05,Pago,5964,C028,Oeste,ATM
T00156,2022-08-08,Consulta,9574,C092,Centro,Móvil
T00157,2022-08-09,Depósito,7626,C041,Norte,Online
T00158,2022-08-10,Retiro,9001,C064,Sur,Presencial
T00159,2022-08-11,Pago,5675,C027,Este,ATM
T00160,2022-08-12,Consulta,5630,C063,Oeste,Móvil
T00161,2022-08-15,Depósito,4513,C017,Centro,Online
T00162,2022-08-16,Retiro,3848,C073,Norte,Presencial
T00163,2022-08-17,Pago,763,C033,Sur,ATM
T00164,2022-08-18,Consulta,2098,C084,Este,Móvil
T00165,2022-08-19,Depósito,8094,C077,Oeste,Online
T00166,2022-08-22,Retiro,1595,C092,Centro,Presencial
T00167,2022-08-23,Pago,3404,C029,Norte,ATM
T00168,2022-08-24,Consulta,3863,C013,Sur,Móvil
T00169,2022-08-25,Depósito,5332,C046,Este,Online
T00170,2022-08-26,Retiro,1953,C035,Oeste,Presencial
T00171,2022-08-29,Pago,6685,C006,Centro,ATM
T00172,2022-08-30,Consulta,1391,C082,Norte,Móvil
T00173,2022-08-31,Depósito,3681,C069,Sur,Online
T00174,2022-09-01,Retiro,7654,C047,Este,Presencial
T00175,2022-09-02,Pago,7380,C025,Oeste,ATM
T00176,2022-09-05,Consulta,1736,C066,Centro,Móvil
T00177,2022-09-06,Depósito,3796,C010,Norte,Online
T00178,2022-09-07,Retiro,798,C056,Sur,Presencial
T00179,2022-09-08,Pago,4837,C030,Este,ATM
T00180,2022-09-09,Consulta,954,C005,Oeste,Móvil
T00181,2022-09-12,Depósito,8264,C033,Centro,Online
T00182,2022-09-13,Retiro,5955,C065,Norte,Presencial
T00183,2022-09-14,Pago,7492,C018,Sur,ATM
T00184,2022-09-15,Consulta,6628,C096,Este,Móvil
T00185,2022-09-16,Depósito,5349,C049,Oeste,Online
T00186,2022-09-19,Retiro,5272,C011,Centro,Presencial
T00187,2022-09-20,Pago,1807,C085,Norte,ATM
T00188,2022-09-21,Consulta,5891,C026,Sur,Móvil
T00189,2022-09-22,Depósito,5635,C063,Este,Online
T00190,2022-09-23,Retiro,5031,C089,Oeste,Presencial
T00191,2022-09-26,Pago,3610,C086,Centro,ATM
T00192,2022-09-27,Consulta,302,C059,Norte,Móvil
T00193,2022-09-28,Depósito,4318,C027,Sur,Online
T00194,2022-09-29,Retiro,9058,C049,Este,Presencial
T00195,2022-09-30,Pago,4489,C077,Oeste,ATM
T00196,2022-10-03,Consulta,2427,C033,Centro,Móvil
T00197,2022-10-04,Depósito,8104,C098,Norte,Online
T00198,2022-10-05,Retiro,3031,C099,Sur,Presencial
T00199,2022-10-06,Pago,7877,C001,Este,ATM
T00200,2022-10-07,Consulta,297,C021,Oeste,Móvil
T00201,2022-10-10,Depósito,7225,C055,Centro,Online
T00202,2022-10-11,Retiro,2030,C006,Norte,Presencial
T00203,2022-10-12,Pago,6387,C092,Sur,ATM
T00204,2022-10-13,Consulta,8900,C081,Este,Móvil
T00205,2022-10-14,Depósito,9439,C069,Oeste,Online
T00206,2022-10-17,Retiro,4382,C095,Centro,Presencial
T00207,2022-10-18,Pago,2611,C005,Norte,ATM
T00208,2022-10-19,Consulta,759,C003,Sur,Móvil
T00209,2022-10-20,Depósito,2911,C053,Este,Online
T00210,2022-10-21,Retiro,7198,C023,Oeste,Presencial
T00211,2022-10-24,Pago,6646,C053,Centro,ATM
T00212,2022-10-25,Consulta,9661,C037,Norte,Móvil
T00213,2022-10-26,Depósito,2086,C074,Sur,Online
T00214,2022-10-27,Retiro,8438,C074,Este,Presencial
T00215,2022-10-28,Pago,3011,C083,Oeste,ATM
T00216,2022-10-31,Consulta,1834,C017,Centro,Móvil
T00217,2022-11-01,Depósito,1943,C085,Norte,Online
T00218,2022-11-02,Retiro,8780,C078,Sur,Presencial
T00219,2022-11-03,Pago,3076,C073,Este,ATM
T00220,2022-11-04,Consulta,2059,C001,Oeste,Móvil
T00221,2022-11-07,Depósito,5859,C051,Centro,Online
T00222,2022-11-08,Retiro,6794,C045,Norte,Presencial
T00223,2022-11-09,Pago,2485,C077,Sur,ATM
T00224,2022-11-10,Consulta,4836,C004,Este,Móvil
T00225,2022-11-11,Depósito,1902,C062,Oeste,Online
T00226,2022-11-14,Retiro,8255,C065,Centro,Presencial
T00227,2022-11-15,Pago,8220,C032,Norte,ATM
T00228,2022-11-16,Consulta,6716,C034,Sur,Móvil
T00229,2022-11-17,Depósito,5634,C092,Este,Online
T00230,2022-11-18,Retiro,4161,C095,Oeste,Presencial
T00231,2022-11-21,Pago,362,C072,Centro,ATM
T00232,2022-11-22,Consulta,6387,C039,Norte,Móvil
T00233,2022-11-23,Depósito,8915,C026,Sur,Online
T00234,2022-11-24,Retiro,9308,C034,Este,Presencial
T00235,2022-11-25,Pago,2149,C054,Oeste,ATM
T00236,2022-11-28,Consulta,5523,C003,Centro,Móvil
T00237,2022-11-29,Depósito,4648,C050,Norte,Online
T00238,2022-11-30,Retiro,3208,C012,Sur,Presencial
T00239,2022-12-01,Pago,7258,C065,Este,ATM
T00240,2022-12-02,Consulta,7500,C054,Oeste,Móvil
T00241,2022-12-05,Depósito,3270,C005,Centro,Online
T00242,2022-12-06,Retiro,9974,C094,Norte,Presencial
T00243,2022-12-07,Pago,2355,C094,Sur,ATM
T00244,2022-12-08,Consulta,1254,C057,Este,Móvil
T00245,2022-12-09,Depósito,4599,C017,Oeste,Online
T00246,2022-12-12,Retiro,6395,C047,Centro,Presencial
T00247,2022-12-13,Pago,6297,C023,Norte,ATM
T00248,2022-12-14,Consulta,9988,C079,Sur,Móvil
T00249,2022-12-15,Depósito,1748,C085,Este,Online
T00250,2022-12-16,Retiro,5639,C014,Oeste,Presencial
T00251,2022-12-19,Pago,9737,C066,Centro,ATM
T00252,2022-12-20,Consulta,4299,C075,Norte,Móvil
T00253,2022-12-21,Depósito,8545,C051,Sur,Online
T00254,2022-12-22,Retiro,2657,C038,Este,Presencial
T00255,2022-12-23,Pago,5692,C064,Oeste,ATM
T00256,2022-12-26,Consulta,198,C098,Centro,Móvil
T00257,2022-12-27,Depósito,2300,C038,Norte,Online
T00258,2022-12-28,Retiro,3061,C050,Sur,Presencial
T00259,2022-12-29,Pago,5073,C098,Este,ATM
T00260,2022-12-30,Consulta,4533,C082,Oeste,Móvil
T00261,2023-01-02,Depósito,2969,C030,Centro,Online
T00262,2023-01-03,Retiro,1056,C079,Norte,Presencial
T00263,2023-01-04,Pago,8452,C091,Sur,ATM
T00264,2023-01-05,Consulta,5799,C051,Este,Móvil
T00265,2023-01-06,Depósito,7044,C063,Oeste,Online
T00266,2023-01-09,Retiro,4593,C098,Centro,Presencial
T00267,2023-01-10,Pago,9592,C052,Norte,ATM
T00268,2023-01-11,Consulta,5011,C038,Sur,Móvil
T00269,2023-01-12,Depósito,4087,C097,Este,Online
T00270,2023-01-13,Retiro,9819,C088,Oeste,Presencial
T00271,2023-01-16,Pago,6115,C079,Centro,ATM
T00272,2023-01-17,Consulta,1318,C030,Norte,Móvil
T00273,2023-01-18,Depósito,4596,C051,Sur,Online
T00274,2023-01-19,Retiro,4835,C081,Este,Presencial
T00275,2023-01-20,Pago,4655,C005,Oeste,ATM
T00276,2023-01-23,Consulta,9246,C029,Centro,Móvil
T00277,2023-01-24,Depósito,8150,C004,Norte,Online
T00278,2023-01-25,Retiro,3546,C010,Sur,Presencial
T00279,2023-01-26,Pago,1145,C056,Este,ATM
T00280,2023-01-27,Consulta,6993,C017,Oeste,Móvil
T00281,2023-01-30,Depósito,1793,C074,Centro,Online
T00282,2023-01-31,Retiro,3536,C017,Norte,Presencial
T00283,2023-02-01,Pago,8854,C084,Sur,ATM
T00284,2023-02-02,Consulta,5995,C088,Este,Móvil
T00285,2023-02-03,Depósito,3454,C069,Oeste,Online
T00286,2023-02-06,Retiro,325,C034,Centro,Presencial
T00287,2023-02-07,Pago,4993,C006,Norte,ATM
T00288,2023-02-08,Consulta,7122,C053,Sur,Móvil
T00289,2023-02-09,Depósito,9251,C066,Este,Online
T00290,2023-02-10,Retiro,5700,C077,Oeste,Presencial
T00291,2023-02-13,Pago,8096,C043,Centro,ATM
T00292,2023-02-14,Consulta,9107,C075,Norte,Móvil
T00293,2023-02-15,Depósito,7783,C023,Sur,Online
T00294,2023-02-16,Retiro,4742,C055,Este,Presencial
T00295,2023-02-17,Pago,7779,C080,Oeste,ATM
T00296,2023-02-20,Consulta,8308,C095,Centro,Móvil
T00297,2023-02-21,Depósito,7439,C075,Norte,Online
T00298,2023-02-22,Retiro,9535,C016,Sur,Presencial
T00299,2023-02-23,Pago,2305,C008,Este,ATM
T00300,2023-02-24,Consulta,1169,C004,Oeste,Móvil
T00301,2023-02-27,Depósito,3544,C004,Centro,Online
T00302,2023-02-28,Retiro,1160,C056,Norte,Presencial
T00303,2023-03-01,Pago,2427,C025,Sur,ATM
T00304,2023-03-02,Consulta,3520,C067,Este,Móvil
T00305,2023-03-03,Depósito,401,C096,Oeste,Online
T00306,2023-03-06,Retiro,706,C067,Centro,Presencial
T00307,2023-03-07,Pago,3270,C027,Norte,ATM
T00308,2023-03-08,Consulta,799,C093,Sur,Móvil
T00309,2023-03-09,Depósito,5188,C032,Este,Online
T00310,2023-03-10,Retiro,9431,C050,Oeste,Presencial
T00311,2023-03-13,Pago,290,C061,Centro,ATM
T00312,2023-03-14,Consulta,1080,C051,Norte,Móvil
T00313,2023-03-15,Depósito,3075,C019,Sur,Online
T00314,2023-03-16,Retiro,6202,C021,Este,Presencial
T00315,2023-03-17,Pago,1284,C005,Oeste,ATM
T00316,2023-03-20,Consulta,3427,C082,Centro,Móvil
T00317,2023-03-21,Depósito,3494,C092,Norte,Online
T00318,2023-03-22,Retiro,8419,C042,Sur,Presencial
T00319,2023-03-23,Pago,1916,C061,Este,ATM
T00320,2023-03-24,Consulta,5954,C022,Oeste,Móvil
T00321,2023-03-27,Depósito,6809,C021,Centro,Online
T00322,2023-03-28,Retiro,669,C070,Norte,Presencial
T00323,2023-03-29,Pago,5542,C001,Sur,ATM
T00324,2023-03-30,Consulta,1995,C005,Este,Móvil
T00325,2023-03-31,Depósito,2833,C012,Oeste,Online
T00326,2023-04-03,Retiro,3963,C090,Centro,Presencial
T00327,2023-04-04,Pago,7555,C046,Norte,ATM
T00328,2023-04-05,Consulta,4114,C034,Sur,Móvil
T00329,2023-04-06,Depósito,1786,C049,Este,Online
T00330,2023-04-07,Retiro,3109,C078,Oeste,Presencial
T00331,2023-04-10,Pago,7906,C090,Centro,ATM
T00332,2023-04-11,Consulta,254,C045,Norte,Móvil
T00333,2023-04-12,Depósito,1509,C027,Sur,Online
T00334,2023-04-13,Retiro,884,C073,Este,Presencial
T00335,2023-04-14,Pago,8196,C026,Oeste,ATM
T00336,2023-04-17,Consulta,7660,C047,Centro,Móvil
T00337,2023-04-18,Depósito,7443,C086,Norte,Online
T00338,2023-04-19,Retiro,7306,C056,Sur,Presencial
T00339,2023-04-20,Pago,5696,C094,Este,ATM
T00340,2023-04-21,Consulta,5901,C063,Oeste,Móvil
T00341,2023-04-24,Depósito,2906,C048,Centro,Online
T00342,2023-04-25,Retiro,637,C061,Norte,Presencial
T00343,2023-04-26,Pago,6086,C081,Sur,ATM
T00344,2023-04-27,Consulta,1941,C026,Este,Móvil
T00345,2023-04-28,Depósito,8816,C036,Oeste,Online
T00346,2023-05-01,Retiro,7071,C001,Centro,Presencial
T00347,2023-05-02,Pago,5725,C008,Norte,ATM
T00348,2023-05-03,Consulta,3050,C099,Sur,Móvil
T00349,2023-05-04,Depósito,8092,C052,Este,Online
T00350,2023-05-05,Retiro,4880,C079,Oeste,Presencial
T00351,2023-05-08,Pago,2468,C047,Centro,ATM
T00352,2023-05-09,Consulta,6755,C056,Norte,Móvil
T00353,2023-05-10,Depósito,8273,C086,Sur,Online
T00354,2023-05-11,Retiro,4595,C014,Este,Presencial
T00355,2023-05-12,Pago,9263,C090,Oeste,ATM
T00356,2023-05-15,Consulta,6102,C028,Centro,Móvil
T00357,2023-05-16,Depósito,6714,C087,Norte,Online
T00358,2023-05-17,Retiro,9458,C078,Sur,Presencial
T00359,2023-05-18,Pago,6019,C088,Este,ATM
T00360,2023-05-19,Consulta,953,C002,Oeste,Móvil
T00361,2023-05-22,Depósito,4246,C026,Centro,Online
T00362,2023-05-23,Retiro,3869,C014,Norte,Presencial
T00363,2023-05-24,Pago,674,C059,Sur,ATM
T00364,2023-05-25,Consulta,1248,C056,Este,Móvil
T00365,2023-05-26,Depósito,6393,C007,Oeste,Online
T00366,2023-05-29,Retiro,6557,C003,Centro,Presencial
T00367,2023-05-30,Pago,7609,C023,Norte,ATM
T00368,2023-05-31,Consulta,4877,C018,Sur,Móvil
T00369,2023-06-01,Depósito,3954,C038,Este,Online
T00370,2023-06-02,Retiro,2591,C099,Oeste,Presencial
T00371,2023-06-05,Pago,3224,C015,Centro,ATM
T00372,2023-06-06,Consulta,5791,C064,Norte,Móvil
T00373,2023-06-07,Depósito,3151,C089,Sur,Online
T00374,2023-06-08,Retiro,104,C028,Este,Presencial
T00375,2023-06-09,Pago,5322,C074,Oeste,ATM
T00376,2023-06-12,Consulta,5415,C039,Centro,Móvil
T00377,2023-06-13,Depósito,4969,C057,Norte,Online
T00378,2023-06-14,Retiro,976,C017,Sur,Presencial
T00379,2023-06-15,Pago,9283,C086,Este,ATM
T00380,2023-06-16,Consulta,7127,C090,Oeste,Móvil
T00381,2023-06-19,Depósito,4242,C044,Centro,Online
T00382,2023-06-20,Retiro,7066,C025,Norte,Presencial
T00383,2023-06-21,Pago,7179,C017,Sur,ATM
T00384,2023-06-22,Consulta,8087,C013,Este,Móvil
T00385,2023-06-23,Depósito,6899,C084,Oeste,Online
T00386,2023-06-26,Retiro,4565,C025,Centro,Presencial
T00387,2023-06-27,Pago,735,C068,Norte,ATM
T00388,2023-06-28,Consulta,1793,C010,Sur,Móvil
T00389,2023-06-29,Depósito,9974,C067,Este,Online
T00390,2023-06-30,Retiro,4852,C018,Oeste,Presencial
T00391,2023-07-03,Pago,8411,C086,Centro,ATM
T00392,2023-07-04,Consulta,930,C034,Norte,Móvil
T00393,2023-07-05,Depósito,5277,C008,Sur,Online
T00394,2023-07-06,Retiro,9661,C040,Este,Presencial
T00395,2023-07-07,Pago,9032,C083,Oeste,ATM
T00396,2023-07-10,Consulta,8408,C042,Centro,Móvil
T00397,2023-07-11,Depósito,6049,C041,Norte,Online
T00398,2023-07-12,Retiro,2938,C006,Sur,Presencial
T00399,2023-07-13,Pago,1250,C052,Este,ATM
T00400,2023-07-14,Consulta,7660,C026,Oeste,Móvil
T00401,2023-07-17,Depósito,2031,C064,Centro,Online
T00402,2023-07-18,Retiro,9304,C098,Norte,Presencial
T00403,2023-07-19,Pago,1764,C059,Sur,ATM
T00404,2023-07-20,Consulta,1181,C056,Este,Móvil
T00405,2023-07-21,Depósito,612,C059,Oeste,Online
T00406,2023-07-24,Retiro,7905,C070,Centro,Presencial
T00407,2023-07-25,Pago,5337,C033,Norte,ATM
T00408,2023-07-26,Consulta,659,C053,Sur,Móvil
T00409,2023-07-27,Depósito,3772,C022,Este,Online
T00410,2023-07-28,Retiro,7504,C021,Oeste,Presencial
T00411,2023-07-31,Pago,3443,C070,Centro,ATM
T00412,2023-08-01,Consulta,4170,C070,Norte,Móvil
T00413,2023-08-02,Depósito,9762,C004,Sur,Online
T00414,2023-08-03,Retiro,680,C094,Este,Presencial
T00415,2023-08-04,Pago,7104,C075,Oeste,ATM
T00416,2023-08-07,Consulta,8230,C062,Centro,Móvil
T00417,2023-08-08,Depósito,3247,C062,Norte,Online
T00418,2023-08-09,Retiro,4349,C094,Sur,Presencial
T00419,2023-08-10,Pago,1779,C095,Este,ATM
T00420,2023-08-11,Consulta,3606,C024,Oeste,Móvil
T00421,2023-08-14,Depósito,7353,C055,Centro,Online
T00422,2023-08-15,Retiro,2844,C009,Norte,Presencial
T00423,2023-08-16,Pago,9535,C003,Sur,ATM
T00424,2023-08-17,Consulta,5288,C031,Este,Móvil
T00425,2023-08-18,Depósito,2241,C040,Oeste,Online
T00426,2023-08-21,Retiro,6717,C036,Centro,Presencial
T00427,2023-08-22,Pago,2579,C024,Norte,ATM
T00428,2023-08-23,Consulta,6584,C095,Sur,Móvil
T00429,2023-08-24,Depósito,9927,C006,Este,Online
T00430,2023-08-25,Retiro,7521,C066,Oeste,Presencial
T00431,2023-08-28,Pago,4552,C084,Centro,ATM
T00432,2023-08-29,Consulta,5981,C092,Norte,Móvil
T00433,2023-08-30,Depósito,6765,C075,Sur,Online
T00434,2023-08-31,Retiro,2949,C004,Este,Presencial
T00435,2023-09-01,Pago,7490,C079,Oeste,ATM
T00436,2023-09-04,Consulta,7005,C006,Centro,Móvil
T00437,2023-09-05,Depósito,2589,C094,Norte,Online
T00438,2023-09-06,Retiro,9923,C051,Sur,Presencial
T00439,2023-09-07,Pago,9307,C062,Este,ATM
T00440,2023-09-08,Consulta,9640,C057,Oeste,Móvil
T00441,2023-09-11,Depósito,4711,C066,Centro,Online
T00442,2023-09-12,Retiro,2939,C079,Norte,Presencial
T00443,2023-09-13,Pago,8627,C075,Sur,ATM
T00444,2023-09-14,Consulta,5978,C008,Este,Móvil
T00445,2023-09-15,Depósito,9187,C026,Oeste,Online
T00446,2023-09-18,Retiro,6403,C051,Centro,Presencial
T00447,2023-09-19,Pago,951,C045,Norte,ATM
T00448,2023-09-20,Consulta,1787,C044,Sur,Móvil
T00449,2023-09-21,Depósito,6933,C005,Este,Online
T00450,2023-09-22,Retiro,2527,C070,Oeste,Presencial
T00451,2023-09-25,Pago,9860,C026,Centro,ATM
T00452,2023-09-26,Consulta,4100,C068,Norte,Móvil
T00453,2023-09-27,Depósito,5152,C019,Sur,Online
T00454,2023-09-28,Retiro,2838,C084,Este,Presencial
T00455,2023-09-29,Pago,5832,C097,Oeste,ATM
T00456,2023-10-02,Consulta,5487,C020,Centro,Móvil
T00457,2023-10-03,Depósito,8102,C012,Norte,Online
T00458,2023-10-04,Retiro,5636,C047,Sur,Presencial
T00459,2023-10-05,Pago,4013,C001,Este,ATM
T00460,2023-10-06,Consulta,1166,C090,Oeste,Móvil
T00461,2023-10-09,Depósito,7823,C014,Centro,Online
T00462,2023-10-10,Retiro,4480,C064,Norte,Presencial
T00463,2023-10-11,Pago,4207,C038,Sur,ATM
T00464,2023-10-12,Consulta,5826,C037,Este,Móvil
T00465,2023-10-13,Depósito,3473,C011,Oeste,Online
T00466,2023-10-16,Retiro,9045,C077,Centro,Presencial
T00467,2023-10-17,Pago,2182,C003,Norte,ATM
T00468,2023-10-18,Consulta,9067,C033,Sur,Móvil
T00469,2023-10-19,Depósito,6848,C006,Este,Online
T00470,2023-10-20,Retiro,9917,C050,Oeste,Presencial
T00471,2023-10-23,Pago,517,C010,Centro,ATM
T00472,2023-10-24,Consulta,8406,C005,Norte,Móvil
T00473,2023-10-25,Depósito,8908,C023,Sur,Online
T00474,2023-10-26,Retiro,4074,C010,Este,Presencial
T00475,2023-10-27,Pago,3367,C044,Oeste,ATM
T00476,2023-10-30,Consulta,925,C002,Centro,Móvil
T00477,2023-10-31,Depósito,7768,C013,Norte,Online
T00478,2023-11-01,Retiro,5845,C040,Sur,Presencial
T00479,2023-11-02,Pago,9808,C002,Este,ATM
T00480,2023-11-03,Consulta,512,C084,Oeste,Móvil
T00481,2023-11-06,Depósito,7643,C065,Centro,Online
T00482,2023-11-07,Retiro,7687,C063,Norte,Presencial
T00483,2023-11-08,Pago,828,C073,Sur,ATM
T00484,2023-11-09,Consulta,7264,C017,Este,Móvil
T00485,2023-11-10,Depósito,8967,C009,Oeste,Online
T00486,2023-11-13,Retiro,6088,C075,Centro,Presencial
T00487,2023-11-14,Pago,2604,C015,Norte,ATM
T00488,2023-11-15,Consulta,3067,C024,Sur,Móvil
T00489,2023-11-16,Depósito,2886,C038,Este,Online
T00490,2023-11-17,Retiro,1222,C035,Oeste,Presencial
T00491,2023-11-20,Pago,4179,C094,Centro,ATM
T00492,2023-11-21,Consulta,1671,C095,Norte,Móvil
T00493,2023-11-22,Depósito,5173,C049,Sur,Online
T00494,2023-11-23,Retiro,5204,C069,Este,Presencial
T00495,2023-11-24,Pago,2243,C062,Oeste,ATM
T00496,2023-11-27,Consulta,9979,C060,Centro,Móvil
T00497,2023-11-28,Depósito,6906,C050,Norte,Online
T00498,2023-11-29,Retiro,7457,C078,Sur,Presencial
T00499,2023-11-30,Pago,3540,C075,Este,ATM
T00500,2023-12-01,Consulta,3866,C009,Oeste,Móvil
